long_date,Zip,permit_count
01/1/2017,60605,5
01/1/2017,60607,13
01/1/2017,60608,18
01/1/2017,60609,13
01/1/2017,60610,43
01/1/2017,60611,12
01/1/2017,60612,15
01/1/2017,60613,13
01/1/2017,60614,34
01/1/2017,60615,11
01/1/2017,60616,12
01/1/2017,60617,10
01/1/2017,60618,29
01/1/2017,60619,17
01/1/2017,60620,12
01/1/2017,60621,5
01/1/2017,60622,28
01/1/2017,60623,20
01/1/2017,60624,33
01/1/2017,60625,25
01/1/2017,60626,4
01/1/2017,60628,13
01/1/2017,60629,13
01/1/2017,60630,10
01/1/2017,60632,12
01/1/2017,60633,2
01/1/2017,60634,18
01/1/2017,60636,12
01/1/2017,60637,19
01/1/2017,60638,7
01/1/2017,60639,12
01/1/2017,60640,10
01/1/2017,60641,16
01/1/2017,60642,8
01/1/2017,60643,10
01/1/2017,60644,6
01/1/2017,60645,3
01/1/2017,60646,4
01/1/2017,60647,44
01/1/2017,60649,15
01/1/2017,60651,17
01/1/2017,60652,3
01/1/2017,60653,7
01/1/2017,60654,5
01/1/2017,60655,13
01/1/2017,60656,8
01/1/2017,60657,12
01/1/2017,60659,5
01/1/2017,60660,9
01/1/2017,60661,23
01/1/2018,60605,3
01/1/2018,60607,16
01/1/2018,60608,15
01/1/2018,60609,8
01/1/2018,60610,35
01/1/2018,60611,8
01/1/2018,60612,12
01/1/2018,60613,13
01/1/2018,60614,42
01/1/2018,60615,5
01/1/2018,60616,12
01/1/2018,60617,14
01/1/2018,60618,26
01/1/2018,60619,16
01/1/2018,60620,17
01/1/2018,60621,3
01/1/2018,60622,18
01/1/2018,60624,14
01/1/2018,60625,27
01/1/2018,60626,3
01/1/2018,60628,11
01/1/2018,60629,15
01/1/2018,60630,10
01/1/2018,60631,7
01/1/2018,60632,13
01/1/2018,60633,1
01/1/2018,60634,5
01/1/2018,60636,11
01/1/2018,60637,18
01/1/2018,60638,7
01/1/2018,60639,12
01/1/2018,60640,7
01/1/2018,60641,8
01/1/2018,60642,6
01/1/2018,60643,12
01/1/2018,60644,7
01/1/2018,60645,6
01/1/2018,60646,3
01/1/2018,60647,48
01/1/2018,60649,11
01/1/2018,60651,19
01/1/2018,60652,4
01/1/2018,60653,4
01/1/2018,60654,7
01/1/2018,60655,8
01/1/2018,60656,3
01/1/2018,60657,17
01/1/2018,60659,5
01/1/2018,60660,6
01/1/2018,60661,30
01/1/2019,60602,32
01/1/2019,60605,8
01/1/2019,60607,20
01/1/2019,60608,21
01/1/2019,60609,13
01/1/2019,60610,37
01/1/2019,60611,9
01/1/2019,60612,11
01/1/2019,60613,12
01/1/2019,60614,22
01/1/2019,60615,8
01/1/2019,60616,6
01/1/2019,60617,9
01/1/2019,60618,33
01/1/2019,60619,14
01/1/2019,60620,12
01/1/2019,60621,5
01/1/2019,60622,23
01/1/2019,60623,17
01/1/2019,60624,10
01/1/2019,60625,27
01/1/2019,60626,3
01/1/2019,60628,18
01/1/2019,60629,11
01/1/2019,60630,12
01/1/2019,60631,5
01/1/2019,60632,9
01/1/2019,60634,16
01/1/2019,60636,6
01/1/2019,60637,26
01/1/2019,60638,8
01/1/2019,60639,9
01/1/2019,60640,15
01/1/2019,60641,7
01/1/2019,60642,16
01/1/2019,60643,9
01/1/2019,60644,11
01/1/2019,60645,6
01/1/2019,60646,4
01/1/2019,60647,36
01/1/2019,60649,11
01/1/2019,60651,26
01/1/2019,60652,1
01/1/2019,60653,2
01/1/2019,60654,5
01/1/2019,60655,9
01/1/2019,60656,3
01/1/2019,60657,15
01/1/2019,60659,8
01/1/2019,60660,4
01/1/2019,60661,34
01/1/2020,60602,26
01/1/2020,60605,4
01/1/2020,60607,7
01/1/2020,60608,29
01/1/2020,60609,14
01/1/2020,60610,34
01/1/2020,60611,12
01/1/2020,60612,14
01/1/2020,60613,10
01/1/2020,60614,25
01/1/2020,60615,2
01/1/2020,60616,10
01/1/2020,60617,16
01/1/2020,60618,20
01/1/2020,60619,16
01/1/2020,60620,20
01/1/2020,60621,8
01/1/2020,60622,21
01/1/2020,60623,34
01/1/2020,60624,18
01/1/2020,60625,15
01/1/2020,60626,3
01/1/2020,60628,16
01/1/2020,60629,15
01/1/2020,60630,13
01/1/2020,60631,2
01/1/2020,60632,15
01/1/2020,60634,13
01/1/2020,60636,16
01/1/2020,60637,19
01/1/2020,60638,10
01/1/2020,60639,16
01/1/2020,60640,6
01/1/2020,60641,8
01/1/2020,60642,11
01/1/2020,60643,12
01/1/2020,60644,11
01/1/2020,60645,14
01/1/2020,60646,5
01/1/2020,60647,36
01/1/2020,60649,9
01/1/2020,60651,21
01/1/2020,60652,4
01/1/2020,60653,6
01/1/2020,60654,8
01/1/2020,60655,5
01/1/2020,60656,4
01/1/2020,60657,11
01/1/2020,60659,5
01/1/2020,60660,3
01/1/2020,60661,30
02/1/2017,60605,3
02/1/2017,60607,8
02/1/2017,60608,18
02/1/2017,60609,2
02/1/2017,60610,42
02/1/2017,60611,8
02/1/2017,60612,15
02/1/2017,60613,19
02/1/2017,60614,35
02/1/2017,60616,7
02/1/2017,60617,17
02/1/2017,60618,22
02/1/2017,60619,10
02/1/2017,60620,18
02/1/2017,60621,11
02/1/2017,60622,24
02/1/2017,60623,19
02/1/2017,60624,16
02/1/2017,60625,23
02/1/2017,60626,2
02/1/2017,60628,10
02/1/2017,60629,15
02/1/2017,60630,9
02/1/2017,60631,5
02/1/2017,60632,13
02/1/2017,60633,2
02/1/2017,60634,22
02/1/2017,60636,13
02/1/2017,60637,20
02/1/2017,60638,9
02/1/2017,60639,12
02/1/2017,60640,9
02/1/2017,60641,13
02/1/2017,60642,7
02/1/2017,60643,8
02/1/2017,60644,14
02/1/2017,60645,7
02/1/2017,60646,3
02/1/2017,60647,40
02/1/2017,60649,10
02/1/2017,60651,11
02/1/2017,60652,6
02/1/2017,60653,5
02/1/2017,60654,3
02/1/2017,60655,4
02/1/2017,60657,14
02/1/2017,60659,8
02/1/2017,60660,3
02/1/2017,60661,25
02/1/2018,60605,8
02/1/2018,60607,10
02/1/2018,60608,24
02/1/2018,60609,5
02/1/2018,60610,41
02/1/2018,60611,9
02/1/2018,60612,16
02/1/2018,60613,21
02/1/2018,60614,21
02/1/2018,60615,8
02/1/2018,60616,5
02/1/2018,60617,18
02/1/2018,60618,34
02/1/2018,60619,11
02/1/2018,60620,10
02/1/2018,60621,10
02/1/2018,60622,29
02/1/2018,60623,12
02/1/2018,60624,20
02/1/2018,60625,15
02/1/2018,60626,7
02/1/2018,60628,12
02/1/2018,60629,11
02/1/2018,60630,10
02/1/2018,60631,5
02/1/2018,60632,14
02/1/2018,60633,1
02/1/2018,60634,16
02/1/2018,60636,12
02/1/2018,60637,15
02/1/2018,60638,15
02/1/2018,60639,11
02/1/2018,60640,11
02/1/2018,60641,9
02/1/2018,60642,9
02/1/2018,60643,10
02/1/2018,60644,8
02/1/2018,60645,11
02/1/2018,60647,26
02/1/2018,60649,15
02/1/2018,60651,12
02/1/2018,60652,7
02/1/2018,60653,4
02/1/2018,60654,9
02/1/2018,60655,5
02/1/2018,60656,1
02/1/2018,60657,19
02/1/2018,60659,8
02/1/2018,60660,4
02/1/2018,60661,31
02/1/2019,60602,32
02/1/2019,60605,3
02/1/2019,60607,13
02/1/2019,60608,15
02/1/2019,60609,13
02/1/2019,60610,34
02/1/2019,60611,3
02/1/2019,60612,14
02/1/2019,60613,14
02/1/2019,60614,22
02/1/2019,60615,1
02/1/2019,60616,9
02/1/2019,60617,14
02/1/2019,60618,20
02/1/2019,60619,15
02/1/2019,60620,14
02/1/2019,60621,5
02/1/2019,60622,18
02/1/2019,60623,19
02/1/2019,60624,10
02/1/2019,60625,14
02/1/2019,60626,4
02/1/2019,60628,17
02/1/2019,60629,8
02/1/2019,60630,8
02/1/2019,60631,5
02/1/2019,60632,21
02/1/2019,60633,1
02/1/2019,60634,11
02/1/2019,60636,11
02/1/2019,60637,20
02/1/2019,60638,5
02/1/2019,60639,10
02/1/2019,60640,10
02/1/2019,60641,8
02/1/2019,60642,18
02/1/2019,60643,6
02/1/2019,60644,11
02/1/2019,60645,13
02/1/2019,60646,1
02/1/2019,60647,21
02/1/2019,60649,4
02/1/2019,60651,16
02/1/2019,60652,3
02/1/2019,60653,3
02/1/2019,60654,10
02/1/2019,60655,6
02/1/2019,60656,8
02/1/2019,60657,6
02/1/2019,60659,4
02/1/2019,60660,10
02/1/2019,60661,29
02/1/2020,60602,35
02/1/2020,60605,3
02/1/2020,60607,15
02/1/2020,60608,27
02/1/2020,60609,16
02/1/2020,60610,37
02/1/2020,60611,12
02/1/2020,60612,12
02/1/2020,60613,17
02/1/2020,60614,26
02/1/2020,60615,7
02/1/2020,60616,11
02/1/2020,60617,15
02/1/2020,60618,19
02/1/2020,60619,11
02/1/2020,60620,25
02/1/2020,60621,6
02/1/2020,60622,16
02/1/2020,60623,26
02/1/2020,60624,18
02/1/2020,60625,9
02/1/2020,60626,3
02/1/2020,60628,17
02/1/2020,60629,14
02/1/2020,60630,8
02/1/2020,60631,9
02/1/2020,60632,10
02/1/2020,60633,1
02/1/2020,60634,14
02/1/2020,60636,14
02/1/2020,60637,17
02/1/2020,60638,6
02/1/2020,60639,8
02/1/2020,60640,15
02/1/2020,60641,12
02/1/2020,60642,16
02/1/2020,60643,11
02/1/2020,60644,9
02/1/2020,60645,7
02/1/2020,60646,6
02/1/2020,60647,24
02/1/2020,60649,9
02/1/2020,60651,13
02/1/2020,60652,5
02/1/2020,60653,3
02/1/2020,60654,6
02/1/2020,60655,7
02/1/2020,60656,4
02/1/2020,60657,16
02/1/2020,60659,8
02/1/2020,60660,10
02/1/2020,60661,20
03/1/2017,60605,14
03/1/2017,60607,19
03/1/2017,60608,24
03/1/2017,60609,11
03/1/2017,60610,48
03/1/2017,60611,13
03/1/2017,60612,20
03/1/2017,60613,20
03/1/2017,60614,47
03/1/2017,60615,7
03/1/2017,60616,15
03/1/2017,60617,19
03/1/2017,60618,45
03/1/2017,60619,20
03/1/2017,60620,17
03/1/2017,60621,6
03/1/2017,60622,31
03/1/2017,60623,21
03/1/2017,60624,14
03/1/2017,60625,30
03/1/2017,60626,3
03/1/2017,60628,14
03/1/2017,60629,15
03/1/2017,60630,17
03/1/2017,60631,8
03/1/2017,60632,20
03/1/2017,60633,2
03/1/2017,60634,22
03/1/2017,60636,18
03/1/2017,60637,16
03/1/2017,60638,6
03/1/2017,60639,22
03/1/2017,60640,8
03/1/2017,60641,10
03/1/2017,60642,15
03/1/2017,60643,12
03/1/2017,60644,7
03/1/2017,60645,6
03/1/2017,60646,6
03/1/2017,60647,34
03/1/2017,60649,4
03/1/2017,60651,19
03/1/2017,60652,9
03/1/2017,60653,10
03/1/2017,60654,5
03/1/2017,60655,4
03/1/2017,60656,4
03/1/2017,60657,15
03/1/2017,60659,5
03/1/2017,60660,6
03/1/2017,60661,29
03/1/2018,60605,8
03/1/2018,60607,19
03/1/2018,60608,25
03/1/2018,60609,12
03/1/2018,60610,35
03/1/2018,60611,17
03/1/2018,60612,23
03/1/2018,60613,23
03/1/2018,60614,30
03/1/2018,60615,6
03/1/2018,60616,12
03/1/2018,60617,9
03/1/2018,60618,44
03/1/2018,60619,15
03/1/2018,60620,12
03/1/2018,60621,9
03/1/2018,60622,34
03/1/2018,60623,24
03/1/2018,60624,20
03/1/2018,60625,27
03/1/2018,60626,2
03/1/2018,60628,14
03/1/2018,60629,18
03/1/2018,60630,14
03/1/2018,60631,6
03/1/2018,60632,10
03/1/2018,60633,3
03/1/2018,60634,19
03/1/2018,60636,14
03/1/2018,60637,27
03/1/2018,60638,10
03/1/2018,60639,13
03/1/2018,60640,20
03/1/2018,60641,11
03/1/2018,60642,17
03/1/2018,60643,8
03/1/2018,60644,11
03/1/2018,60645,12
03/1/2018,60646,5
03/1/2018,60647,46
03/1/2018,60649,5
03/1/2018,60651,11
03/1/2018,60652,4
03/1/2018,60653,12
03/1/2018,60654,8
03/1/2018,60655,7
03/1/2018,60656,4
03/1/2018,60657,19
03/1/2018,60659,4
03/1/2018,60660,2
03/1/2018,60661,29
03/1/2019,60602,37
03/1/2019,60605,7
03/1/2019,60607,15
03/1/2019,60608,16
03/1/2019,60609,16
03/1/2019,60610,39
03/1/2019,60611,16
03/1/2019,60612,13
03/1/2019,60613,13
03/1/2019,60614,29
03/1/2019,60615,4
03/1/2019,60616,13
03/1/2019,60617,13
03/1/2019,60618,27
03/1/2019,60619,18
03/1/2019,60620,16
03/1/2019,60621,7
03/1/2019,60622,27
03/1/2019,60623,19
03/1/2019,60624,29
03/1/2019,60625,17
03/1/2019,60626,3
03/1/2019,60628,16
03/1/2019,60629,8
03/1/2019,60630,13
03/1/2019,60631,7
03/1/2019,60632,7
03/1/2019,60634,12
03/1/2019,60636,13
03/1/2019,60637,11
03/1/2019,60638,12
03/1/2019,60639,10
03/1/2019,60640,16
03/1/2019,60641,10
03/1/2019,60642,12
03/1/2019,60643,12
03/1/2019,60644,16
03/1/2019,60645,17
03/1/2019,60646,1
03/1/2019,60647,38
03/1/2019,60649,7
03/1/2019,60651,25
03/1/2019,60652,4
03/1/2019,60653,4
03/1/2019,60654,7
03/1/2019,60655,5
03/1/2019,60656,3
03/1/2019,60657,13
03/1/2019,60659,5
03/1/2019,60660,10
03/1/2019,60661,29
03/1/2020,60602,41
03/1/2020,60605,5
03/1/2020,60607,17
03/1/2020,60608,22
03/1/2020,60609,12
03/1/2020,60610,58
03/1/2020,60611,16
03/1/2020,60612,14
03/1/2020,60613,12
03/1/2020,60614,32
03/1/2020,60615,4
03/1/2020,60616,13
03/1/2020,60617,18
03/1/2020,60618,22
03/1/2020,60619,19
03/1/2020,60620,17
03/1/2020,60621,11
03/1/2020,60622,26
03/1/2020,60623,22
03/1/2020,60625,21
03/1/2020,60626,2
03/1/2020,60628,19
03/1/2020,60629,11
03/1/2020,60630,13
03/1/2020,60631,5
03/1/2020,60632,12
03/1/2020,60633,2
03/1/2020,60634,12
03/1/2020,60636,14
03/1/2020,60637,25
03/1/2020,60638,14
03/1/2020,60639,14
03/1/2020,60640,14
03/1/2020,60641,10
03/1/2020,60642,18
03/1/2020,60643,11
03/1/2020,60644,15
03/1/2020,60645,8
03/1/2020,60646,3
03/1/2020,60647,45
03/1/2020,60649,12
03/1/2020,60651,16
03/1/2020,60652,3
03/1/2020,60653,6
03/1/2020,60654,3
03/1/2020,60655,8
03/1/2020,60656,3
03/1/2020,60657,16
03/1/2020,60659,5
03/1/2020,60660,9
03/1/2020,60661,46
04/1/2017,60602,43
04/1/2017,60605,12
04/1/2017,60607,18
04/1/2017,60608,25
04/1/2017,60609,10
04/1/2017,60610,43
04/1/2017,60611,10
04/1/2017,60612,9
04/1/2017,60613,16
04/1/2017,60614,35
04/1/2017,60615,7
04/1/2017,60616,8
04/1/2017,60617,17
04/1/2017,60618,36
04/1/2017,60619,16
04/1/2017,60620,12
04/1/2017,60621,3
04/1/2017,60622,30
04/1/2017,60623,23
04/1/2017,60624,20
04/1/2017,60625,33
04/1/2017,60626,1
04/1/2017,60628,8
04/1/2017,60629,15
04/1/2017,60630,13
04/1/2017,60631,8
04/1/2017,60632,17
04/1/2017,60633,1
04/1/2017,60634,22
04/1/2017,60636,13
04/1/2017,60637,20
04/1/2017,60638,6
04/1/2017,60639,21
04/1/2017,60640,15
04/1/2017,60641,11
04/1/2017,60642,14
04/1/2017,60643,8
04/1/2017,60644,3
04/1/2017,60645,10
04/1/2017,60646,9
04/1/2017,60647,39
04/1/2017,60649,8
04/1/2017,60651,21
04/1/2017,60652,5
04/1/2017,60653,7
04/1/2017,60654,13
04/1/2017,60655,9
04/1/2017,60656,3
04/1/2017,60657,24
04/1/2017,60659,8
04/1/2017,60660,11
04/1/2017,60661,25
04/1/2018,60602,38
04/1/2018,60605,13
04/1/2018,60607,19
04/1/2018,60608,31
04/1/2018,60609,18
04/1/2018,60610,45
04/1/2018,60611,14
04/1/2018,60612,5
04/1/2018,60613,29
04/1/2018,60614,31
04/1/2018,60615,9
04/1/2018,60616,11
04/1/2018,60617,23
04/1/2018,60618,34
04/1/2018,60619,15
04/1/2018,60620,11
04/1/2018,60621,8
04/1/2018,60622,34
04/1/2018,60623,35
04/1/2018,60624,21
04/1/2018,60625,26
04/1/2018,60626,4
04/1/2018,60628,14
04/1/2018,60629,9
04/1/2018,60630,8
04/1/2018,60631,13
04/1/2018,60632,18
04/1/2018,60633,1
04/1/2018,60634,19
04/1/2018,60636,12
04/1/2018,60637,20
04/1/2018,60638,11
04/1/2018,60639,11
04/1/2018,60640,13
04/1/2018,60641,12
04/1/2018,60642,15
04/1/2018,60643,15
04/1/2018,60644,17
04/1/2018,60645,3
04/1/2018,60646,8
04/1/2018,60647,39
04/1/2018,60649,10
04/1/2018,60651,20
04/1/2018,60652,5
04/1/2018,60653,2
04/1/2018,60654,9
04/1/2018,60655,13
04/1/2018,60656,4
04/1/2018,60657,14
04/1/2018,60659,9
04/1/2018,60660,12
04/1/2018,60661,43
04/1/2019,60602,51
04/1/2019,60605,13
04/1/2019,60607,22
04/1/2019,60608,25
04/1/2019,60609,17
04/1/2019,60610,58
04/1/2019,60611,10
04/1/2019,60612,25
04/1/2019,60613,24
04/1/2019,60614,46
04/1/2019,60615,4
04/1/2019,60616,17
04/1/2019,60617,16
04/1/2019,60618,33
04/1/2019,60619,13
04/1/2019,60620,14
04/1/2019,60621,13
04/1/2019,60622,38
04/1/2019,60623,19
04/1/2019,60625,28
04/1/2019,60626,2
04/1/2019,60628,16
04/1/2019,60629,7
04/1/2019,60630,10
04/1/2019,60631,9
04/1/2019,60632,21
04/1/2019,60634,21
04/1/2019,60636,16
04/1/2019,60637,20
04/1/2019,60638,11
04/1/2019,60639,11
04/1/2019,60640,7
04/1/2019,60641,11
04/1/2019,60642,17
04/1/2019,60643,12
04/1/2019,60644,15
04/1/2019,60645,17
04/1/2019,60646,4
04/1/2019,60647,32
04/1/2019,60649,9
04/1/2019,60651,22
04/1/2019,60652,7
04/1/2019,60653,15
04/1/2019,60654,4
04/1/2019,60655,13
04/1/2019,60656,6
04/1/2019,60657,13
04/1/2019,60659,9
04/1/2019,60660,8
04/1/2019,60661,48
04/1/2020,60602,29
04/1/2020,60605,4
04/1/2020,60607,15
04/1/2020,60608,16
04/1/2020,60609,11
04/1/2020,60610,35
04/1/2020,60611,7
04/1/2020,60612,19
04/1/2020,60613,18
04/1/2020,60614,22
04/1/2020,60615,3
04/1/2020,60616,18
04/1/2020,60617,25
04/1/2020,60618,35
04/1/2020,60619,18
04/1/2020,60620,34
04/1/2020,60621,6
04/1/2020,60622,19
04/1/2020,60623,21
04/1/2020,60625,21
04/1/2020,60626,5
04/1/2020,60628,16
04/1/2020,60629,11
04/1/2020,60630,6
04/1/2020,60631,3
04/1/2020,60632,18
04/1/2020,60633,2
04/1/2020,60634,18
04/1/2020,60636,14
04/1/2020,60637,20
04/1/2020,60638,6
04/1/2020,60639,8
04/1/2020,60640,16
04/1/2020,60641,8
04/1/2020,60642,8
04/1/2020,60643,19
04/1/2020,60644,10
04/1/2020,60645,6
04/1/2020,60646,3
04/1/2020,60647,25
04/1/2020,60649,12
04/1/2020,60651,13
04/1/2020,60652,11
04/1/2020,60653,2
04/1/2020,60654,3
04/1/2020,60655,6
04/1/2020,60656,5
04/1/2020,60657,16
04/1/2020,60659,6
04/1/2020,60660,7
04/1/2020,60661,22
05/1/2017,60602,39
05/1/2017,60605,10
05/1/2017,60607,15
05/1/2017,60608,32
05/1/2017,60609,14
05/1/2017,60610,54
05/1/2017,60611,13
05/1/2017,60612,11
05/1/2017,60613,28
05/1/2017,60614,42
05/1/2017,60615,7
05/1/2017,60616,8
05/1/2017,60617,10
05/1/2017,60618,42
05/1/2017,60619,13
05/1/2017,60620,10
05/1/2017,60621,16
05/1/2017,60622,35
05/1/2017,60623,27
05/1/2017,60624,30
05/1/2017,60625,30
05/1/2017,60626,6
05/1/2017,60628,8
05/1/2017,60629,12
05/1/2017,60630,18
05/1/2017,60631,7
05/1/2017,60632,9
05/1/2017,60633,3
05/1/2017,60634,24
05/1/2017,60636,10
05/1/2017,60637,33
05/1/2017,60638,15
05/1/2017,60639,16
05/1/2017,60640,10
05/1/2017,60641,15
05/1/2017,60642,24
05/1/2017,60643,9
05/1/2017,60644,7
05/1/2017,60645,8
05/1/2017,60646,10
05/1/2017,60647,59
05/1/2017,60649,7
05/1/2017,60651,27
05/1/2017,60652,2
05/1/2017,60653,8
05/1/2017,60654,9
05/1/2017,60655,9
05/1/2017,60656,9
05/1/2017,60657,21
05/1/2017,60659,6
05/1/2017,60660,6
05/1/2017,60661,29
05/1/2018,60602,37
05/1/2018,60605,15
05/1/2018,60607,20
05/1/2018,60608,34
05/1/2018,60609,9
05/1/2018,60610,37
05/1/2018,60611,14
05/1/2018,60612,11
05/1/2018,60613,22
05/1/2018,60614,42
05/1/2018,60615,4
05/1/2018,60616,13
05/1/2018,60617,15
05/1/2018,60618,33
05/1/2018,60619,20
05/1/2018,60620,17
05/1/2018,60621,13
05/1/2018,60622,25
05/1/2018,60623,19
05/1/2018,60624,24
05/1/2018,60625,32
05/1/2018,60626,1
05/1/2018,60628,15
05/1/2018,60629,13
05/1/2018,60630,17
05/1/2018,60631,8
05/1/2018,60632,18
05/1/2018,60633,2
05/1/2018,60634,23
05/1/2018,60636,18
05/1/2018,60637,28
05/1/2018,60638,9
05/1/2018,60639,14
05/1/2018,60640,14
05/1/2018,60641,13
05/1/2018,60642,16
05/1/2018,60643,15
05/1/2018,60644,13
05/1/2018,60645,18
05/1/2018,60646,7
05/1/2018,60647,63
05/1/2018,60649,8
05/1/2018,60651,26
05/1/2018,60652,4
05/1/2018,60653,10
05/1/2018,60654,14
05/1/2018,60655,9
05/1/2018,60656,2
05/1/2018,60657,18
05/1/2018,60659,4
05/1/2018,60660,11
05/1/2018,60661,29
05/1/2019,60602,34
05/1/2019,60605,16
05/1/2019,60607,12
05/1/2019,60608,36
05/1/2019,60609,24
05/1/2019,60610,44
05/1/2019,60611,16
05/1/2019,60612,20
05/1/2019,60613,19
05/1/2019,60614,39
05/1/2019,60615,11
05/1/2019,60616,21
05/1/2019,60617,22
05/1/2019,60618,38
05/1/2019,60619,24
05/1/2019,60620,18
05/1/2019,60621,10
05/1/2019,60622,29
05/1/2019,60623,24
05/1/2019,60625,35
05/1/2019,60626,7
05/1/2019,60628,24
05/1/2019,60629,12
05/1/2019,60630,22
05/1/2019,60631,9
05/1/2019,60632,14
05/1/2019,60633,3
05/1/2019,60634,28
05/1/2019,60636,22
05/1/2019,60637,26
05/1/2019,60638,8
05/1/2019,60639,22
05/1/2019,60640,13
05/1/2019,60641,13
05/1/2019,60642,20
05/1/2019,60643,12
05/1/2019,60644,14
05/1/2019,60645,17
05/1/2019,60646,7
05/1/2019,60647,53
05/1/2019,60649,11
05/1/2019,60651,12
05/1/2019,60652,8
05/1/2019,60653,16
05/1/2019,60654,9
05/1/2019,60655,11
05/1/2019,60656,3
05/1/2019,60657,24
05/1/2019,60659,14
05/1/2019,60660,7
05/1/2019,60661,31
05/1/2020,60602,17
05/1/2020,60605,2
05/1/2020,60607,6
05/1/2020,60608,20
05/1/2020,60609,10
05/1/2020,60610,31
05/1/2020,60611,10
05/1/2020,60612,12
05/1/2020,60613,10
05/1/2020,60614,18
05/1/2020,60615,6
05/1/2020,60616,5
05/1/2020,60617,17
05/1/2020,60618,24
05/1/2020,60619,17
05/1/2020,60620,22
05/1/2020,60621,6
05/1/2020,60622,25
05/1/2020,60623,24
05/1/2020,60624,17
05/1/2020,60625,12
05/1/2020,60626,2
05/1/2020,60628,14
05/1/2020,60629,12
05/1/2020,60630,9
05/1/2020,60631,5
05/1/2020,60632,11
05/1/2020,60634,12
05/1/2020,60636,12
05/1/2020,60637,28
05/1/2020,60638,12
05/1/2020,60639,15
05/1/2020,60640,13
05/1/2020,60641,6
05/1/2020,60642,7
05/1/2020,60643,11
05/1/2020,60644,6
05/1/2020,60645,9
05/1/2020,60646,5
05/1/2020,60647,36
05/1/2020,60649,6
05/1/2020,60651,15
05/1/2020,60652,6
05/1/2020,60653,3
05/1/2020,60654,4
05/1/2020,60655,7
05/1/2020,60656,2
05/1/2020,60657,19
05/1/2020,60659,5
05/1/2020,60660,5
05/1/2020,60661,17
06/1/2017,60602,28
06/1/2017,60605,10
06/1/2017,60607,24
06/1/2017,60608,34
06/1/2017,60609,24
06/1/2017,60610,53
06/1/2017,60611,20
06/1/2017,60612,20
06/1/2017,60613,31
06/1/2017,60614,43
06/1/2017,60615,7
06/1/2017,60616,10
06/1/2017,60617,12
06/1/2017,60618,44
06/1/2017,60619,16
06/1/2017,60620,11
06/1/2017,60621,5
06/1/2017,60622,44
06/1/2017,60623,23
06/1/2017,60624,20
06/1/2017,60625,45
06/1/2017,60626,4
06/1/2017,60628,16
06/1/2017,60629,19
06/1/2017,60630,19
06/1/2017,60631,2
06/1/2017,60632,14
06/1/2017,60633,1
06/1/2017,60634,28
06/1/2017,60636,19
06/1/2017,60637,33
06/1/2017,60638,8
06/1/2017,60639,15
06/1/2017,60640,15
06/1/2017,60641,12
06/1/2017,60642,14
06/1/2017,60643,15
06/1/2017,60644,19
06/1/2017,60645,17
06/1/2017,60646,9
06/1/2017,60647,59
06/1/2017,60649,8
06/1/2017,60651,15
06/1/2017,60652,10
06/1/2017,60653,13
06/1/2017,60654,13
06/1/2017,60655,7
06/1/2017,60656,7
06/1/2017,60657,24
06/1/2017,60659,18
06/1/2017,60660,10
06/1/2017,60661,34
06/1/2018,60602,34
06/1/2018,60605,10
06/1/2018,60607,19
06/1/2018,60608,31
06/1/2018,60609,19
06/1/2018,60610,45
06/1/2018,60611,13
06/1/2018,60612,8
06/1/2018,60613,14
06/1/2018,60614,32
06/1/2018,60615,4
06/1/2018,60616,9
06/1/2018,60617,16
06/1/2018,60618,41
06/1/2018,60619,24
06/1/2018,60620,17
06/1/2018,60621,10
06/1/2018,60622,25
06/1/2018,60623,24
06/1/2018,60624,18
06/1/2018,60625,27
06/1/2018,60626,3
06/1/2018,60628,7
06/1/2018,60629,14
06/1/2018,60630,22
06/1/2018,60631,6
06/1/2018,60632,20
06/1/2018,60633,2
06/1/2018,60634,29
06/1/2018,60636,17
06/1/2018,60637,26
06/1/2018,60638,8
06/1/2018,60639,19
06/1/2018,60640,17
06/1/2018,60641,12
06/1/2018,60642,20
06/1/2018,60643,10
06/1/2018,60644,8
06/1/2018,60645,12
06/1/2018,60646,10
06/1/2018,60647,46
06/1/2018,60649,17
06/1/2018,60651,19
06/1/2018,60652,9
06/1/2018,60653,6
06/1/2018,60654,15
06/1/2018,60655,9
06/1/2018,60656,5
06/1/2018,60657,21
06/1/2018,60659,11
06/1/2018,60660,9
06/1/2018,60661,37
06/1/2019,60602,32
06/1/2019,60605,18
06/1/2019,60607,23
06/1/2019,60608,24
06/1/2019,60609,18
06/1/2019,60610,50
06/1/2019,60611,15
06/1/2019,60612,19
06/1/2019,60613,22
06/1/2019,60614,46
06/1/2019,60615,11
06/1/2019,60616,10
06/1/2019,60617,20
06/1/2019,60618,29
06/1/2019,60619,17
06/1/2019,60620,22
06/1/2019,60621,18
06/1/2019,60622,29
06/1/2019,60623,20
06/1/2019,60624,28
06/1/2019,60625,24
06/1/2019,60626,6
06/1/2019,60628,24
06/1/2019,60629,19
06/1/2019,60630,11
06/1/2019,60631,7
06/1/2019,60632,11
06/1/2019,60633,4
06/1/2019,60634,22
06/1/2019,60636,24
06/1/2019,60637,29
06/1/2019,60638,4
06/1/2019,60639,21
06/1/2019,60640,10
06/1/2019,60641,11
06/1/2019,60642,11
06/1/2019,60643,13
06/1/2019,60644,7
06/1/2019,60645,9
06/1/2019,60646,5
06/1/2019,60647,32
06/1/2019,60649,12
06/1/2019,60651,22
06/1/2019,60652,5
06/1/2019,60653,7
06/1/2019,60654,6
06/1/2019,60655,8
06/1/2019,60656,8
06/1/2019,60657,14
06/1/2019,60659,9
06/1/2019,60660,7
06/1/2019,60661,25
06/1/2020,60602,22
06/1/2020,60605,4
06/1/2020,60607,10
06/1/2020,60608,11
06/1/2020,60609,20
06/1/2020,60610,15
06/1/2020,60611,5
06/1/2020,60612,21
06/1/2020,60613,15
06/1/2020,60614,24
06/1/2020,60615,5
06/1/2020,60616,21
06/1/2020,60617,17
06/1/2020,60618,27
06/1/2020,60619,18
06/1/2020,60620,18
06/1/2020,60621,7
06/1/2020,60622,18
06/1/2020,60623,17
06/1/2020,60624,23
06/1/2020,60625,22
06/1/2020,60626,17
06/1/2020,60628,11
06/1/2020,60629,25
06/1/2020,60630,17
06/1/2020,60631,7
06/1/2020,60632,11
06/1/2020,60633,2
06/1/2020,60634,37
06/1/2020,60636,12
06/1/2020,60637,22
06/1/2020,60638,8
06/1/2020,60639,11
06/1/2020,60640,12
06/1/2020,60641,10
06/1/2020,60642,5
06/1/2020,60643,16
06/1/2020,60644,11
06/1/2020,60645,9
06/1/2020,60646,4
06/1/2020,60647,33
06/1/2020,60649,13
06/1/2020,60651,18
06/1/2020,60652,6
06/1/2020,60653,4
06/1/2020,60654,8
06/1/2020,60655,3
06/1/2020,60656,3
06/1/2020,60657,13
06/1/2020,60659,5
06/1/2020,60660,5
06/1/2020,60661,12
07/1/2016,60602,20
07/1/2016,60605,9
07/1/2016,60607,13
07/1/2016,60608,25
07/1/2016,60609,11
07/1/2016,60610,46
07/1/2016,60611,14
07/1/2016,60612,41
07/1/2016,60613,22
07/1/2016,60614,39
07/1/2016,60615,4
07/1/2016,60616,9
07/1/2016,60617,6
07/1/2016,60618,39
07/1/2016,60619,12
07/1/2016,60620,17
07/1/2016,60621,9
07/1/2016,60622,40
07/1/2016,60623,16
07/1/2016,60624,15
07/1/2016,60625,18
07/1/2016,60626,2
07/1/2016,60628,11
07/1/2016,60629,13
07/1/2016,60630,19
07/1/2016,60631,8
07/1/2016,60632,14
07/1/2016,60633,1
07/1/2016,60634,20
07/1/2016,60636,16
07/1/2016,60637,20
07/1/2016,60638,13
07/1/2016,60639,15
07/1/2016,60640,11
07/1/2016,60641,19
07/1/2016,60642,10
07/1/2016,60643,11
07/1/2016,60644,5
07/1/2016,60645,7
07/1/2016,60646,8
07/1/2016,60647,44
07/1/2016,60649,8
07/1/2016,60651,13
07/1/2016,60652,4
07/1/2016,60653,1
07/1/2016,60654,9
07/1/2016,60655,3
07/1/2016,60656,6
07/1/2016,60657,18
07/1/2016,60659,5
07/1/2016,60660,9
07/1/2016,60661,27
07/1/2017,60602,29
07/1/2017,60605,10
07/1/2017,60607,19
07/1/2017,60608,22
07/1/2017,60609,18
07/1/2017,60610,40
07/1/2017,60611,14
07/1/2017,60612,12
07/1/2017,60613,16
07/1/2017,60614,48
07/1/2017,60615,4
07/1/2017,60616,10
07/1/2017,60617,16
07/1/2017,60618,45
07/1/2017,60619,12
07/1/2017,60620,9
07/1/2017,60621,2
07/1/2017,60622,18
07/1/2017,60623,23
07/1/2017,60624,17
07/1/2017,60625,26
07/1/2017,60626,3
07/1/2017,60628,22
07/1/2017,60629,8
07/1/2017,60630,11
07/1/2017,60631,4
07/1/2017,60632,8
07/1/2017,60634,19
07/1/2017,60636,10
07/1/2017,60637,17
07/1/2017,60638,9
07/1/2017,60639,10
07/1/2017,60640,3
07/1/2017,60641,15
07/1/2017,60642,13
07/1/2017,60643,3
07/1/2017,60644,15
07/1/2017,60645,8
07/1/2017,60646,11
07/1/2017,60647,43
07/1/2017,60649,9
07/1/2017,60651,22
07/1/2017,60652,4
07/1/2017,60653,6
07/1/2017,60654,10
07/1/2017,60655,9
07/1/2017,60656,4
07/1/2017,60657,15
07/1/2017,60659,7
07/1/2017,60660,7
07/1/2017,60661,26
07/1/2018,60602,39
07/1/2018,60605,11
07/1/2018,60607,22
07/1/2018,60608,33
07/1/2018,60609,15
07/1/2018,60610,47
07/1/2018,60611,22
07/1/2018,60612,25
07/1/2018,60613,31
07/1/2018,60614,38
07/1/2018,60615,9
07/1/2018,60616,25
07/1/2018,60617,20
07/1/2018,60618,43
07/1/2018,60619,15
07/1/2018,60620,14
07/1/2018,60621,9
07/1/2018,60622,33
07/1/2018,60623,20
07/1/2018,60624,23
07/1/2018,60625,24
07/1/2018,60626,2
07/1/2018,60628,19
07/1/2018,60629,12
07/1/2018,60630,16
07/1/2018,60631,8
07/1/2018,60632,23
07/1/2018,60633,2
07/1/2018,60634,20
07/1/2018,60636,20
07/1/2018,60637,35
07/1/2018,60638,10
07/1/2018,60639,16
07/1/2018,60640,19
07/1/2018,60641,13
07/1/2018,60642,15
07/1/2018,60643,22
07/1/2018,60644,8
07/1/2018,60645,15
07/1/2018,60646,6
07/1/2018,60647,38
07/1/2018,60649,14
07/1/2018,60651,21
07/1/2018,60652,6
07/1/2018,60653,11
07/1/2018,60654,7
07/1/2018,60655,12
07/1/2018,60656,9
07/1/2018,60657,20
07/1/2018,60659,8
07/1/2018,60660,9
07/1/2018,60661,25
07/1/2019,60602,31
07/1/2019,60605,13
07/1/2019,60607,27
07/1/2019,60608,35
07/1/2019,60609,24
07/1/2019,60610,36
07/1/2019,60611,10
07/1/2019,60612,22
07/1/2019,60613,26
07/1/2019,60614,34
07/1/2019,60615,11
07/1/2019,60616,21
07/1/2019,60617,20
07/1/2019,60618,37
07/1/2019,60619,28
07/1/2019,60620,24
07/1/2019,60621,8
07/1/2019,60622,25
07/1/2019,60623,28
07/1/2019,60624,38
07/1/2019,60625,26
07/1/2019,60626,4
07/1/2019,60628,21
07/1/2019,60629,26
07/1/2019,60630,25
07/1/2019,60631,6
07/1/2019,60632,22
07/1/2019,60634,18
07/1/2019,60636,23
07/1/2019,60637,32
07/1/2019,60638,16
07/1/2019,60639,18
07/1/2019,60640,17
07/1/2019,60641,16
07/1/2019,60642,14
07/1/2019,60643,16
07/1/2019,60644,11
07/1/2019,60645,14
07/1/2019,60646,3
07/1/2019,60647,37
07/1/2019,60649,16
07/1/2019,60651,26
07/1/2019,60652,4
07/1/2019,60653,8
07/1/2019,60654,8
07/1/2019,60655,8
07/1/2019,60656,9
07/1/2019,60657,17
07/1/2019,60659,7
07/1/2019,60660,10
07/1/2019,60661,37
07/1/2020,60602,14
07/1/2020,60605,7
07/1/2020,60607,15
07/1/2020,60608,18
07/1/2020,60609,16
07/1/2020,60610,22
07/1/2020,60611,6
07/1/2020,60612,13
07/1/2020,60613,20
07/1/2020,60614,21
07/1/2020,60615,2
07/1/2020,60616,11
07/1/2020,60617,13
07/1/2020,60618,22
07/1/2020,60619,9
07/1/2020,60620,11
07/1/2020,60621,6
07/1/2020,60622,16
07/1/2020,60623,20
07/1/2020,60624,10
07/1/2020,60625,20
07/1/2020,60626,2
07/1/2020,60628,11
07/1/2020,60629,7
07/1/2020,60630,11
07/1/2020,60631,3
07/1/2020,60632,7
07/1/2020,60633,2
07/1/2020,60634,14
07/1/2020,60636,10
07/1/2020,60637,20
07/1/2020,60638,9
07/1/2020,60639,14
07/1/2020,60640,10
07/1/2020,60641,13
07/1/2020,60642,5
07/1/2020,60643,14
07/1/2020,60644,9
07/1/2020,60645,13
07/1/2020,60646,3
07/1/2020,60647,31
07/1/2020,60649,3
07/1/2020,60651,22
07/1/2020,60652,5
07/1/2020,60653,5
07/1/2020,60654,3
07/1/2020,60655,5
07/1/2020,60656,5
07/1/2020,60657,8
07/1/2020,60659,5
07/1/2020,60660,9
07/1/2020,60661,12
08/1/2016,60602,43
08/1/2016,60605,12
08/1/2016,60607,25
08/1/2016,60608,23
08/1/2016,60609,16
08/1/2016,60610,60
08/1/2016,60611,14
08/1/2016,60612,22
08/1/2016,60613,22
08/1/2016,60614,41
08/1/2016,60615,10
08/1/2016,60616,12
08/1/2016,60617,19
08/1/2016,60618,54
08/1/2016,60619,21
08/1/2016,60620,18
08/1/2016,60621,10
08/1/2016,60622,31
08/1/2016,60623,10
08/1/2016,60624,17
08/1/2016,60625,29
08/1/2016,60626,5
08/1/2016,60628,17
08/1/2016,60629,22
08/1/2016,60630,20
08/1/2016,60631,8
08/1/2016,60632,17
08/1/2016,60633,1
08/1/2016,60634,23
08/1/2016,60636,20
08/1/2016,60637,27
08/1/2016,60638,12
08/1/2016,60639,15
08/1/2016,60640,13
08/1/2016,60641,8
08/1/2016,60642,17
08/1/2016,60643,17
08/1/2016,60644,11
08/1/2016,60645,15
08/1/2016,60646,4
08/1/2016,60647,39
08/1/2016,60649,11
08/1/2016,60651,27
08/1/2016,60652,4
08/1/2016,60653,6
08/1/2016,60654,10
08/1/2016,60655,9
08/1/2016,60656,7
08/1/2016,60657,21
08/1/2016,60659,4
08/1/2016,60660,16
08/1/2016,60661,34
08/1/2017,60602,62
08/1/2017,60605,7
08/1/2017,60607,28
08/1/2017,60608,39
08/1/2017,60609,17
08/1/2017,60610,63
08/1/2017,60611,15
08/1/2017,60612,26
08/1/2017,60613,34
08/1/2017,60614,42
08/1/2017,60615,7
08/1/2017,60616,17
08/1/2017,60617,14
08/1/2017,60618,49
08/1/2017,60619,23
08/1/2017,60620,18
08/1/2017,60621,10
08/1/2017,60622,44
08/1/2017,60623,20
08/1/2017,60624,16
08/1/2017,60625,30
08/1/2017,60626,5
08/1/2017,60628,23
08/1/2017,60629,21
08/1/2017,60630,12
08/1/2017,60631,13
08/1/2017,60632,13
08/1/2017,60633,3
08/1/2017,60634,20
08/1/2017,60636,10
08/1/2017,60637,36
08/1/2017,60638,6
08/1/2017,60639,19
08/1/2017,60640,14
08/1/2017,60641,15
08/1/2017,60642,26
08/1/2017,60643,14
08/1/2017,60644,11
08/1/2017,60645,16
08/1/2017,60646,7
08/1/2017,60647,76
08/1/2017,60649,14
08/1/2017,60651,30
08/1/2017,60652,7
08/1/2017,60653,7
08/1/2017,60654,5
08/1/2017,60655,8
08/1/2017,60656,7
08/1/2017,60657,21
08/1/2017,60659,16
08/1/2017,60660,10
08/1/2017,60661,37
08/1/2018,60602,49
08/1/2018,60605,8
08/1/2018,60607,26
08/1/2018,60608,26
08/1/2018,60609,27
08/1/2018,60610,47
08/1/2018,60611,15
08/1/2018,60612,26
08/1/2018,60613,33
08/1/2018,60614,34
08/1/2018,60615,5
08/1/2018,60616,21
08/1/2018,60617,14
08/1/2018,60618,35
08/1/2018,60619,13
08/1/2018,60620,18
08/1/2018,60621,10
08/1/2018,60622,29
08/1/2018,60623,24
08/1/2018,60624,22
08/1/2018,60625,31
08/1/2018,60626,7
08/1/2018,60628,13
08/1/2018,60629,25
08/1/2018,60630,18
08/1/2018,60631,7
08/1/2018,60632,15
08/1/2018,60633,4
08/1/2018,60634,28
08/1/2018,60636,17
08/1/2018,60637,30
08/1/2018,60638,13
08/1/2018,60639,17
08/1/2018,60640,17
08/1/2018,60641,14
08/1/2018,60642,16
08/1/2018,60643,13
08/1/2018,60644,17
08/1/2018,60645,15
08/1/2018,60646,4
08/1/2018,60647,41
08/1/2018,60649,13
08/1/2018,60651,19
08/1/2018,60652,4
08/1/2018,60653,7
08/1/2018,60654,13
08/1/2018,60655,7
08/1/2018,60656,9
08/1/2018,60657,19
08/1/2018,60659,8
08/1/2018,60660,11
08/1/2018,60661,34
08/1/2019,60602,41
08/1/2019,60605,3
08/1/2019,60607,19
08/1/2019,60608,35
08/1/2019,60609,15
08/1/2019,60610,49
08/1/2019,60611,14
08/1/2019,60612,22
08/1/2019,60613,19
08/1/2019,60614,41
08/1/2019,60615,6
08/1/2019,60616,12
08/1/2019,60617,26
08/1/2019,60618,43
08/1/2019,60619,19
08/1/2019,60620,17
08/1/2019,60621,13
08/1/2019,60622,31
08/1/2019,60623,41
08/1/2019,60624,27
08/1/2019,60625,25
08/1/2019,60626,4
08/1/2019,60628,20
08/1/2019,60629,17
08/1/2019,60630,20
08/1/2019,60631,5
08/1/2019,60632,25
08/1/2019,60634,12
08/1/2019,60636,10
08/1/2019,60637,29
08/1/2019,60638,17
08/1/2019,60639,15
08/1/2019,60640,18
08/1/2019,60641,10
08/1/2019,60642,13
08/1/2019,60643,13
08/1/2019,60644,7
08/1/2019,60645,16
08/1/2019,60646,7
08/1/2019,60647,48
08/1/2019,60649,10
08/1/2019,60651,21
08/1/2019,60652,8
08/1/2019,60653,11
08/1/2019,60654,6
08/1/2019,60655,10
08/1/2019,60656,7
08/1/2019,60657,14
08/1/2019,60659,13
08/1/2019,60660,7
08/1/2019,60661,44
08/1/2020,60602,21
08/1/2020,60605,6
08/1/2020,60607,10
08/1/2020,60608,15
08/1/2020,60609,7
08/1/2020,60610,19
08/1/2020,60611,8
08/1/2020,60612,12
08/1/2020,60613,12
08/1/2020,60614,31
08/1/2020,60615,4
08/1/2020,60616,12
08/1/2020,60617,16
08/1/2020,60618,36
08/1/2020,60619,15
08/1/2020,60620,14
08/1/2020,60621,7
08/1/2020,60622,25
08/1/2020,60623,16
08/1/2020,60624,19
08/1/2020,60625,16
08/1/2020,60626,3
08/1/2020,60628,18
08/1/2020,60629,7
08/1/2020,60630,16
08/1/2020,60631,7
08/1/2020,60632,7
08/1/2020,60633,1
08/1/2020,60634,15
08/1/2020,60636,17
08/1/2020,60637,25
08/1/2020,60638,6
08/1/2020,60639,10
08/1/2020,60640,8
08/1/2020,60641,15
08/1/2020,60642,9
08/1/2020,60643,20
08/1/2020,60644,5
08/1/2020,60645,10
08/1/2020,60646,6
08/1/2020,60647,28
08/1/2020,60649,14
08/1/2020,60651,19
08/1/2020,60652,3
08/1/2020,60653,5
08/1/2020,60654,7
08/1/2020,60655,11
08/1/2020,60656,6
08/1/2020,60657,19
08/1/2020,60659,5
08/1/2020,60660,10
08/1/2020,60661,18
09/1/2016,60602,37
09/1/2016,60605,12
09/1/2016,60607,20
09/1/2016,60608,41
09/1/2016,60609,15
09/1/2016,60610,41
09/1/2016,60611,10
09/1/2016,60612,23
09/1/2016,60613,29
09/1/2016,60614,34
09/1/2016,60615,4
09/1/2016,60616,12
09/1/2016,60617,14
09/1/2016,60618,39
09/1/2016,60619,13
09/1/2016,60620,19
09/1/2016,60621,11
09/1/2016,60622,50
09/1/2016,60623,30
09/1/2016,60624,17
09/1/2016,60625,20
09/1/2016,60626,1
09/1/2016,60628,14
09/1/2016,60629,10
09/1/2016,60630,19
09/1/2016,60631,7
09/1/2016,60632,30
09/1/2016,60633,1
09/1/2016,60634,24
09/1/2016,60636,12
09/1/2016,60637,29
09/1/2016,60638,11
09/1/2016,60639,13
09/1/2016,60640,13
09/1/2016,60641,8
09/1/2016,60642,15
09/1/2016,60643,17
09/1/2016,60644,13
09/1/2016,60645,11
09/1/2016,60646,4
09/1/2016,60647,59
09/1/2016,60649,13
09/1/2016,60651,23
09/1/2016,60652,3
09/1/2016,60653,1
09/1/2016,60654,7
09/1/2016,60655,14
09/1/2016,60656,4
09/1/2016,60657,24
09/1/2016,60659,5
09/1/2016,60660,11
09/1/2016,60661,35
09/1/2017,60605,15
09/1/2017,60607,20
09/1/2017,60608,32
09/1/2017,60609,19
09/1/2017,60610,53
09/1/2017,60611,18
09/1/2017,60612,10
09/1/2017,60613,31
09/1/2017,60614,33
09/1/2017,60615,7
09/1/2017,60616,20
09/1/2017,60617,17
09/1/2017,60618,37
09/1/2017,60619,19
09/1/2017,60620,14
09/1/2017,60621,7
09/1/2017,60622,24
09/1/2017,60623,30
09/1/2017,60624,19
09/1/2017,60625,29
09/1/2017,60626,5
09/1/2017,60628,14
09/1/2017,60629,9
09/1/2017,60630,7
09/1/2017,60631,7
09/1/2017,60632,26
09/1/2017,60633,1
09/1/2017,60634,28
09/1/2017,60636,2
09/1/2017,60637,22
09/1/2017,60638,4
09/1/2017,60639,14
09/1/2017,60640,10
09/1/2017,60641,16
09/1/2017,60642,19
09/1/2017,60643,11
09/1/2017,60644,13
09/1/2017,60645,10
09/1/2017,60646,5
09/1/2017,60647,52
09/1/2017,60649,10
09/1/2017,60651,25
09/1/2017,60652,2
09/1/2017,60653,9
09/1/2017,60654,20
09/1/2017,60655,9
09/1/2017,60656,5
09/1/2017,60657,14
09/1/2017,60659,7
09/1/2017,60660,3
09/1/2017,60661,35
09/1/2018,60602,37
09/1/2018,60605,14
09/1/2018,60607,19
09/1/2018,60608,34
09/1/2018,60609,18
09/1/2018,60610,42
09/1/2018,60611,14
09/1/2018,60612,29
09/1/2018,60613,23
09/1/2018,60614,30
09/1/2018,60615,12
09/1/2018,60616,16
09/1/2018,60617,24
09/1/2018,60618,51
09/1/2018,60619,19
09/1/2018,60620,14
09/1/2018,60621,14
09/1/2018,60622,26
09/1/2018,60623,27
09/1/2018,60624,22
09/1/2018,60625,18
09/1/2018,60626,3
09/1/2018,60628,13
09/1/2018,60629,17
09/1/2018,60630,22
09/1/2018,60631,8
09/1/2018,60632,16
09/1/2018,60634,21
09/1/2018,60636,19
09/1/2018,60637,33
09/1/2018,60638,12
09/1/2018,60639,23
09/1/2018,60640,20
09/1/2018,60641,10
09/1/2018,60642,15
09/1/2018,60643,16
09/1/2018,60644,19
09/1/2018,60645,14
09/1/2018,60646,9
09/1/2018,60647,38
09/1/2018,60649,10
09/1/2018,60651,30
09/1/2018,60652,8
09/1/2018,60653,6
09/1/2018,60654,11
09/1/2018,60655,13
09/1/2018,60656,9
09/1/2018,60657,14
09/1/2018,60659,11
09/1/2018,60660,9
09/1/2018,60661,29
09/1/2019,60602,31
09/1/2019,60605,10
09/1/2019,60607,12
09/1/2019,60608,34
09/1/2019,60609,18
09/1/2019,60610,29
09/1/2019,60611,6
09/1/2019,60612,20
09/1/2019,60613,17
09/1/2019,60614,19
09/1/2019,60615,3
09/1/2019,60616,12
09/1/2019,60617,17
09/1/2019,60618,39
09/1/2019,60619,24
09/1/2019,60620,18
09/1/2019,60621,13
09/1/2019,60622,30
09/1/2019,60623,27
09/1/2019,60624,24
09/1/2019,60625,22
09/1/2019,60626,6
09/1/2019,60628,17
09/1/2019,60629,14
09/1/2019,60630,22
09/1/2019,60631,1
09/1/2019,60632,18
09/1/2019,60633,1
09/1/2019,60634,16
09/1/2019,60636,33
09/1/2019,60637,27
09/1/2019,60638,14
09/1/2019,60639,14
09/1/2019,60640,10
09/1/2019,60641,16
09/1/2019,60642,21
09/1/2019,60643,12
09/1/2019,60644,16
09/1/2019,60645,8
09/1/2019,60646,6
09/1/2019,60647,34
09/1/2019,60649,12
09/1/2019,60651,25
09/1/2019,60652,9
09/1/2019,60653,4
09/1/2019,60654,6
09/1/2019,60655,14
09/1/2019,60656,8
09/1/2019,60657,17
09/1/2019,60659,6
09/1/2019,60660,3
09/1/2019,60661,21
09/1/2020,60602,21
09/1/2020,60605,4
09/1/2020,60607,13
09/1/2020,60608,20
09/1/2020,60609,15
09/1/2020,60610,17
09/1/2020,60611,4
09/1/2020,60612,20
09/1/2020,60613,16
09/1/2020,60614,28
09/1/2020,60615,3
09/1/2020,60616,4
09/1/2020,60617,14
09/1/2020,60618,23
09/1/2020,60619,20
09/1/2020,60620,16
09/1/2020,60621,4
09/1/2020,60622,30
09/1/2020,60623,23
09/1/2020,60624,12
09/1/2020,60625,14
09/1/2020,60626,8
09/1/2020,60628,13
09/1/2020,60629,8
09/1/2020,60630,12
09/1/2020,60631,2
09/1/2020,60632,13
09/1/2020,60633,1
09/1/2020,60634,14
09/1/2020,60636,12
09/1/2020,60637,23
09/1/2020,60638,15
09/1/2020,60639,12
09/1/2020,60640,11
09/1/2020,60641,13
09/1/2020,60642,13
09/1/2020,60643,13
09/1/2020,60644,10
09/1/2020,60645,10
09/1/2020,60646,3
09/1/2020,60647,35
09/1/2020,60649,11
09/1/2020,60651,16
09/1/2020,60652,5
09/1/2020,60653,7
09/1/2020,60654,5
09/1/2020,60655,6
09/1/2020,60656,8
09/1/2020,60657,13
09/1/2020,60659,3
09/1/2020,60660,1
09/1/2020,60661,13
10/1/2016,60602,35
10/1/2016,60605,12
10/1/2016,60607,24
10/1/2016,60608,23
10/1/2016,60609,17
10/1/2016,60610,36
10/1/2016,60611,9
10/1/2016,60612,14
10/1/2016,60613,27
10/1/2016,60614,26
10/1/2016,60615,5
10/1/2016,60616,10
10/1/2016,60617,10
10/1/2016,60618,47
10/1/2016,60619,24
10/1/2016,60620,12
10/1/2016,60621,6
10/1/2016,60622,35
10/1/2016,60623,10
10/1/2016,60624,27
10/1/2016,60625,23
10/1/2016,60626,3
10/1/2016,60628,14
10/1/2016,60629,19
10/1/2016,60630,15
10/1/2016,60631,8
10/1/2016,60632,6
10/1/2016,60633,2
10/1/2016,60634,18
10/1/2016,60636,16
10/1/2016,60637,29
10/1/2016,60638,11
10/1/2016,60639,18
10/1/2016,60640,10
10/1/2016,60641,14
10/1/2016,60642,11
10/1/2016,60643,12
10/1/2016,60644,5
10/1/2016,60645,12
10/1/2016,60646,6
10/1/2016,60647,50
10/1/2016,60649,5
10/1/2016,60651,19
10/1/2016,60652,4
10/1/2016,60653,9
10/1/2016,60654,14
10/1/2016,60655,4
10/1/2016,60656,3
10/1/2016,60657,19
10/1/2016,60659,9
10/1/2016,60660,5
10/1/2016,60661,21
10/1/2017,60605,13
10/1/2017,60607,16
10/1/2017,60608,28
10/1/2017,60609,16
10/1/2017,60610,58
10/1/2017,60611,16
10/1/2017,60612,17
10/1/2017,60613,35
10/1/2017,60614,51
10/1/2017,60615,6
10/1/2017,60616,13
10/1/2017,60617,19
10/1/2017,60618,37
10/1/2017,60619,19
10/1/2017,60620,14
10/1/2017,60621,12
10/1/2017,60622,25
10/1/2017,60623,30
10/1/2017,60624,27
10/1/2017,60625,28
10/1/2017,60626,8
10/1/2017,60628,13
10/1/2017,60629,14
10/1/2017,60630,16
10/1/2017,60631,6
10/1/2017,60632,22
10/1/2017,60633,2
10/1/2017,60634,27
10/1/2017,60636,17
10/1/2017,60637,27
10/1/2017,60638,15
10/1/2017,60639,13
10/1/2017,60640,13
10/1/2017,60641,22
10/1/2017,60642,17
10/1/2017,60643,30
10/1/2017,60644,10
10/1/2017,60645,9
10/1/2017,60646,6
10/1/2017,60647,52
10/1/2017,60649,9
10/1/2017,60651,26
10/1/2017,60652,8
10/1/2017,60653,9
10/1/2017,60654,12
10/1/2017,60655,5
10/1/2017,60656,3
10/1/2017,60657,26
10/1/2017,60659,12
10/1/2017,60660,9
10/1/2017,60661,32
10/1/2018,60602,69
10/1/2018,60605,13
10/1/2018,60607,21
10/1/2018,60608,43
10/1/2018,60609,13
10/1/2018,60610,65
10/1/2018,60611,14
10/1/2018,60612,25
10/1/2018,60613,28
10/1/2018,60614,43
10/1/2018,60615,10
10/1/2018,60616,12
10/1/2018,60617,23
10/1/2018,60618,36
10/1/2018,60619,29
10/1/2018,60620,23
10/1/2018,60621,26
10/1/2018,60622,47
10/1/2018,60623,37
10/1/2018,60624,20
10/1/2018,60625,36
10/1/2018,60626,6
10/1/2018,60628,17
10/1/2018,60629,12
10/1/2018,60630,14
10/1/2018,60631,5
10/1/2018,60632,16
10/1/2018,60633,1
10/1/2018,60634,30
10/1/2018,60636,18
10/1/2018,60637,20
10/1/2018,60638,14
10/1/2018,60639,20
10/1/2018,60640,19
10/1/2018,60641,9
10/1/2018,60642,14
10/1/2018,60643,19
10/1/2018,60644,12
10/1/2018,60645,14
10/1/2018,60646,8
10/1/2018,60647,41
10/1/2018,60649,12
10/1/2018,60651,33
10/1/2018,60652,7
10/1/2018,60653,6
10/1/2018,60654,12
10/1/2018,60655,11
10/1/2018,60656,10
10/1/2018,60657,18
10/1/2018,60659,15
10/1/2018,60660,7
10/1/2018,60661,25
10/1/2019,60602,40
10/1/2019,60605,11
10/1/2019,60607,16
10/1/2019,60608,30
10/1/2019,60609,21
10/1/2019,60610,39
10/1/2019,60611,10
10/1/2019,60612,18
10/1/2019,60613,16
10/1/2019,60614,35
10/1/2019,60615,5
10/1/2019,60616,16
10/1/2019,60617,15
10/1/2019,60618,32
10/1/2019,60619,25
10/1/2019,60620,29
10/1/2019,60621,7
10/1/2019,60622,30
10/1/2019,60623,31
10/1/2019,60624,27
10/1/2019,60625,20
10/1/2019,60626,3
10/1/2019,60628,21
10/1/2019,60629,24
10/1/2019,60630,15
10/1/2019,60631,4
10/1/2019,60632,13
10/1/2019,60633,3
10/1/2019,60634,21
10/1/2019,60636,23
10/1/2019,60637,21
10/1/2019,60638,13
10/1/2019,60639,14
10/1/2019,60640,16
10/1/2019,60641,17
10/1/2019,60642,14
10/1/2019,60643,19
10/1/2019,60644,11
10/1/2019,60645,9
10/1/2019,60646,3
10/1/2019,60647,41
10/1/2019,60649,11
10/1/2019,60651,23
10/1/2019,60652,7
10/1/2019,60653,5
10/1/2019,60654,3
10/1/2019,60655,7
10/1/2019,60656,9
10/1/2019,60657,18
10/1/2019,60659,12
10/1/2019,60660,1
10/1/2019,60661,42
10/1/2020,60602,7
10/1/2020,60605,2
10/1/2020,60607,5
10/1/2020,60608,8
10/1/2020,60609,7
10/1/2020,60610,7
10/1/2020,60611,4
10/1/2020,60612,11
10/1/2020,60613,7
10/1/2020,60614,8
10/1/2020,60615,4
10/1/2020,60616,3
10/1/2020,60617,4
10/1/2020,60618,12
10/1/2020,60619,4
10/1/2020,60620,6
10/1/2020,60621,4
10/1/2020,60622,6
10/1/2020,60623,6
10/1/2020,60624,10
10/1/2020,60625,10
10/1/2020,60628,2
10/1/2020,60629,6
10/1/2020,60630,3
10/1/2020,60631,2
10/1/2020,60632,4
10/1/2020,60633,1
10/1/2020,60634,6
10/1/2020,60636,8
10/1/2020,60637,8
10/1/2020,60639,4
10/1/2020,60640,11
10/1/2020,60641,3
10/1/2020,60642,3
10/1/2020,60643,1
10/1/2020,60644,4
10/1/2020,60645,5
10/1/2020,60647,10
10/1/2020,60649,5
10/1/2020,60651,4
10/1/2020,60653,4
10/1/2020,60654,3
10/1/2020,60655,5
10/1/2020,60656,1
10/1/2020,60657,6
10/1/2020,60659,1
10/1/2020,60660,2
10/1/2020,60661,5
11/1/2016,60602,29
11/1/2016,60605,4
11/1/2016,60607,16
11/1/2016,60608,26
11/1/2016,60609,16
11/1/2016,60610,41
11/1/2016,60611,11
11/1/2016,60612,19
11/1/2016,60613,22
11/1/2016,60614,50
11/1/2016,60615,4
11/1/2016,60616,13
11/1/2016,60617,17
11/1/2016,60618,50
11/1/2016,60619,6
11/1/2016,60620,22
11/1/2016,60621,6
11/1/2016,60622,37
11/1/2016,60623,21
11/1/2016,60624,15
11/1/2016,60625,38
11/1/2016,60626,7
11/1/2016,60628,11
11/1/2016,60629,15
11/1/2016,60630,17
11/1/2016,60631,9
11/1/2016,60632,14
11/1/2016,60633,2
11/1/2016,60634,14
11/1/2016,60636,17
11/1/2016,60637,27
11/1/2016,60638,10
11/1/2016,60639,20
11/1/2016,60640,14
11/1/2016,60641,14
11/1/2016,60642,19
11/1/2016,60643,16
11/1/2016,60644,7
11/1/2016,60645,15
11/1/2016,60646,3
11/1/2016,60647,51
11/1/2016,60649,14
11/1/2016,60651,26
11/1/2016,60652,5
11/1/2016,60653,7
11/1/2016,60654,16
11/1/2016,60655,9
11/1/2016,60656,7
11/1/2016,60657,17
11/1/2016,60659,8
11/1/2016,60660,4
11/1/2016,60661,27
11/1/2017,60605,6
11/1/2017,60607,13
11/1/2017,60608,35
11/1/2017,60609,13
11/1/2017,60610,41
11/1/2017,60611,10
11/1/2017,60612,14
11/1/2017,60613,29
11/1/2017,60614,34
11/1/2017,60615,5
11/1/2017,60616,8
11/1/2017,60617,18
11/1/2017,60618,27
11/1/2017,60619,16
11/1/2017,60620,13
11/1/2017,60621,10
11/1/2017,60622,28
11/1/2017,60623,22
11/1/2017,60624,11
11/1/2017,60625,29
11/1/2017,60626,1
11/1/2017,60628,11
11/1/2017,60629,15
11/1/2017,60630,15
11/1/2017,60631,11
11/1/2017,60632,17
11/1/2017,60634,19
11/1/2017,60636,16
11/1/2017,60637,20
11/1/2017,60638,4
11/1/2017,60639,17
11/1/2017,60640,14
11/1/2017,60641,16
11/1/2017,60642,6
11/1/2017,60643,13
11/1/2017,60644,8
11/1/2017,60645,15
11/1/2017,60646,5
11/1/2017,60647,33
11/1/2017,60649,13
11/1/2017,60651,18
11/1/2017,60652,4
11/1/2017,60653,6
11/1/2017,60654,8
11/1/2017,60655,7
11/1/2017,60656,3
11/1/2017,60657,18
11/1/2017,60659,8
11/1/2017,60660,14
11/1/2017,60661,32
11/1/2018,60602,22
11/1/2018,60605,5
11/1/2018,60607,15
11/1/2018,60608,27
11/1/2018,60609,6
11/1/2018,60610,26
11/1/2018,60611,14
11/1/2018,60612,9
11/1/2018,60613,17
11/1/2018,60614,33
11/1/2018,60615,7
11/1/2018,60616,16
11/1/2018,60617,13
11/1/2018,60618,30
11/1/2018,60619,15
11/1/2018,60620,11
11/1/2018,60621,11
11/1/2018,60622,19
11/1/2018,60623,27
11/1/2018,60624,17
11/1/2018,60625,9
11/1/2018,60626,1
11/1/2018,60628,12
11/1/2018,60629,13
11/1/2018,60630,16
11/1/2018,60631,6
11/1/2018,60632,12
11/1/2018,60633,4
11/1/2018,60634,24
11/1/2018,60636,17
11/1/2018,60637,19
11/1/2018,60638,11
11/1/2018,60639,10
11/1/2018,60640,21
11/1/2018,60641,18
11/1/2018,60642,15
11/1/2018,60643,12
11/1/2018,60644,4
11/1/2018,60645,11
11/1/2018,60646,4
11/1/2018,60647,33
11/1/2018,60649,12
11/1/2018,60651,26
11/1/2018,60652,2
11/1/2018,60653,6
11/1/2018,60654,5
11/1/2018,60655,5
11/1/2018,60656,7
11/1/2018,60657,12
11/1/2018,60659,8
11/1/2018,60660,5
11/1/2018,60661,12
11/1/2019,60602,31
11/1/2019,60605,7
11/1/2019,60607,13
11/1/2019,60608,17
11/1/2019,60609,9
11/1/2019,60610,27
11/1/2019,60611,10
11/1/2019,60612,11
11/1/2019,60613,18
11/1/2019,60614,20
11/1/2019,60615,9
11/1/2019,60616,5
11/1/2019,60617,14
11/1/2019,60618,42
11/1/2019,60619,16
11/1/2019,60620,17
11/1/2019,60621,7
11/1/2019,60622,23
11/1/2019,60623,21
11/1/2019,60624,24
11/1/2019,60625,19
11/1/2019,60626,3
11/1/2019,60628,13
11/1/2019,60629,8
11/1/2019,60630,10
11/1/2019,60631,4
11/1/2019,60632,10
11/1/2019,60633,1
11/1/2019,60634,19
11/1/2019,60636,14
11/1/2019,60637,21
11/1/2019,60638,9
11/1/2019,60639,13
11/1/2019,60640,8
11/1/2019,60641,7
11/1/2019,60642,13
11/1/2019,60643,11
11/1/2019,60644,10
11/1/2019,60645,7
11/1/2019,60647,24
11/1/2019,60649,5
11/1/2019,60651,17
11/1/2019,60652,5
11/1/2019,60653,9
11/1/2019,60654,4
11/1/2019,60655,5
11/1/2019,60656,8
11/1/2019,60657,11
11/1/2019,60659,5
11/1/2019,60660,4
11/1/2019,60661,27
12/1/2016,60605,10
12/1/2016,60607,15
12/1/2016,60608,33
12/1/2016,60609,15
12/1/2016,60610,57
12/1/2016,60611,17
12/1/2016,60612,18
12/1/2016,60613,19
12/1/2016,60614,53
12/1/2016,60615,5
12/1/2016,60616,14
12/1/2016,60617,14
12/1/2016,60618,40
12/1/2016,60619,9
12/1/2016,60620,15
12/1/2016,60621,10
12/1/2016,60622,31
12/1/2016,60623,20
12/1/2016,60624,20
12/1/2016,60625,17
12/1/2016,60626,1
12/1/2016,60628,9
12/1/2016,60629,15
12/1/2016,60630,8
12/1/2016,60631,6
12/1/2016,60632,16
12/1/2016,60633,1
12/1/2016,60634,18
12/1/2016,60636,12
12/1/2016,60637,22
12/1/2016,60638,9
12/1/2016,60639,13
12/1/2016,60640,14
12/1/2016,60641,6
12/1/2016,60642,14
12/1/2016,60643,12
12/1/2016,60644,6
12/1/2016,60645,12
12/1/2016,60646,4
12/1/2016,60647,40
12/1/2016,60649,12
12/1/2016,60651,24
12/1/2016,60652,6
12/1/2016,60653,4
12/1/2016,60654,6
12/1/2016,60655,5
12/1/2016,60656,2
12/1/2016,60657,7
12/1/2016,60659,10
12/1/2016,60660,11
12/1/2016,60661,27
12/1/2017,60605,4
12/1/2017,60607,11
12/1/2017,60608,24
12/1/2017,60609,14
12/1/2017,60610,41
12/1/2017,60611,8
12/1/2017,60612,12
12/1/2017,60613,17
12/1/2017,60614,39
12/1/2017,60615,3
12/1/2017,60616,9
12/1/2017,60617,12
12/1/2017,60618,24
12/1/2017,60619,17
12/1/2017,60620,11
12/1/2017,60621,6
12/1/2017,60622,26
12/1/2017,60623,17
12/1/2017,60624,16
12/1/2017,60625,15
12/1/2017,60626,5
12/1/2017,60628,14
12/1/2017,60629,13
12/1/2017,60630,9
12/1/2017,60631,10
12/1/2017,60632,10
12/1/2017,60634,20
12/1/2017,60636,13
12/1/2017,60637,14
12/1/2017,60638,8
12/1/2017,60639,12
12/1/2017,60640,16
12/1/2017,60641,16
12/1/2017,60642,13
12/1/2017,60643,9
12/1/2017,60644,6
12/1/2017,60645,13
12/1/2017,60646,8
12/1/2017,60647,35
12/1/2017,60649,10
12/1/2017,60651,24
12/1/2017,60652,3
12/1/2017,60653,1
12/1/2017,60654,10
12/1/2017,60655,5
12/1/2017,60656,1
12/1/2017,60657,17
12/1/2017,60659,8
12/1/2017,60660,2
12/1/2017,60661,24
12/1/2018,60602,28
12/1/2018,60605,5
12/1/2018,60607,10
12/1/2018,60608,11
12/1/2018,60609,14
12/1/2018,60610,25
12/1/2018,60611,11
12/1/2018,60612,22
12/1/2018,60613,15
12/1/2018,60614,28
12/1/2018,60615,4
12/1/2018,60616,26
12/1/2018,60617,8
12/1/2018,60618,22
12/1/2018,60619,17
12/1/2018,60620,14
12/1/2018,60621,8
12/1/2018,60622,16
12/1/2018,60623,20
12/1/2018,60624,12
12/1/2018,60625,28
12/1/2018,60626,4
12/1/2018,60628,11
12/1/2018,60629,11
12/1/2018,60630,8
12/1/2018,60631,5
12/1/2018,60632,11
12/1/2018,60634,14
12/1/2018,60636,14
12/1/2018,60637,19
12/1/2018,60638,5
12/1/2018,60639,6
12/1/2018,60640,8
12/1/2018,60641,7
12/1/2018,60642,9
12/1/2018,60643,9
12/1/2018,60644,7
12/1/2018,60645,9
12/1/2018,60646,4
12/1/2018,60647,28
12/1/2018,60649,12
12/1/2018,60651,13
12/1/2018,60652,2
12/1/2018,60653,1
12/1/2018,60654,9
12/1/2018,60655,2
12/1/2018,60656,1
12/1/2018,60657,12
12/1/2018,60659,6
12/1/2018,60660,3
12/1/2018,60661,22
12/1/2019,60602,23
12/1/2019,60605,1
12/1/2019,60607,13
12/1/2019,60608,20
12/1/2019,60609,8
12/1/2019,60610,36
12/1/2019,60611,9
12/1/2019,60612,10
12/1/2019,60613,11
12/1/2019,60614,30
12/1/2019,60615,3
12/1/2019,60616,7
12/1/2019,60617,17
12/1/2019,60618,21
12/1/2019,60619,4
12/1/2019,60620,21
12/1/2019,60621,7
12/1/2019,60622,31
12/1/2019,60623,22
12/1/2019,60624,26
12/1/2019,60625,19
12/1/2019,60626,2
12/1/2019,60628,13
12/1/2019,60629,10
12/1/2019,60630,15
12/1/2019,60631,5
12/1/2019,60632,12
12/1/2019,60634,18
12/1/2019,60636,10
12/1/2019,60637,21
12/1/2019,60638,2
12/1/2019,60639,13
12/1/2019,60640,4
12/1/2019,60641,12
12/1/2019,60642,16
12/1/2019,60643,14
12/1/2019,60644,10
12/1/2019,60645,10
12/1/2019,60646,3
12/1/2019,60647,33
12/1/2019,60649,7
12/1/2019,60651,25
12/1/2019,60652,7
12/1/2019,60653,3
12/1/2019,60654,7
12/1/2019,60655,4
12/1/2019,60656,4
12/1/2019,60657,11
12/1/2019,60659,4
12/1/2019,60660,4
12/1/2019,60661,27
